bar,value,variant,set
Bar0,100,WT,2A
Bar1,2.391629297,NULL,2A
Bar2,4.185351271,Y68H,2A
Bar3,3.139013453,S170N,2A
Bar4,1.943198804,G251C,2A
Bar5,66.367713,K289E,2A
Bar6,25.56053812,D331G,2A
Bar7,1.34529148,L345Q,2A
Bar0,100,WT,2B
Bar1,3.74251497,NULL,2B
Bar2,1.796407186,D107Y,2B
Bar3,2.54491018,A121P,2B
Bar4,5.538922156,V133I,2B
Bar5,4.041916168,R173H,2B
Bar6,4.041916168,Y174N,2B
Bar7,23.80239521,S227F,2B
Bar0,100.2985075,WT,2C
Bar1,4.626865672,NULL,2C
Bar2,4.626865672,C124R,2C
Bar3,2.686567164,R130Q,2C
Bar4,3.134328358,G165R,2C
Bar5,49.10447761,K342N,2C
Bar6,87.76119403,V369G,2C
Bar7,137,T401I,2C
Bar0,100.4464286,WT,2D
Bar1,4.910714286,NULL,2D
Bar2,194,S10N,2D
Bar3,23.80952381,G20E,2D
Bar4,1.339285714,Y27S,2D
Bar5,0.892857143,C105F,2D
Bar6,12.20238095,M134L,2D
Bar7,1.488095238,R173P,2D
Bar0,100.2936858,WT,2E
Bar1,6.167400881,NULL,2E
Bar2,7.488986784,Y16C,2E
Bar3,132,L42R,2E
Bar4,7.342143906,H61R,2E
Bar5,1.027900147,H93Y,2E
Bar6,3.230543319,R130L,2E
Bar7,1.762114537,R173C,2E
Bar0,99.85380117,WT,2F
Bar1,6.140350877,NULL,2F
Bar2,5.994152047,L112P,2F
Bar3,5.994152047,G129E,2F
Bar4,6.725146199,R130G,2F
Bar5,3.50877193,S170R,2F
Bar6,2.923976608,V343E,2F
Bar7,13.30409357,F347L,2F
Bar0,100.4444444,WT,2G
Bar1,3.407407407,NULL,2G
Bar2,1.481481481,C71Y,2G
Bar3,2.222222222,L112R,2G
Bar4,3.111111111,G129R,2G
Bar5,4.888888889,C136Y,2G
Bar6,0.740740741,Y155C,2G
Bar7,2.518518519,F341V,2G